Title,URL,Summary,text,Sentiment,Confidence
"Inside Anthropic’s First Developer Day, Where AI Agents Took Center Stage",https://www.wired.com/story/anthropic-first-developer-conference/,More From WIRED,"Inside Anthropic’s First Developer Day, Where AI Agents Took Center Stage More From WIRED",NEGATIVE,0.9647068977355957
Let's Talk About ChatGPT and Cheating in the Classroom,https://www.wired.com/story/uncanny-valley-podcast-chatgpt-cheating-in-the-classroom/,More From WIRED,Let's Talk About ChatGPT and Cheating in the Classroom More From WIRED,NEGATIVE,0.9935483336448669
A United Arab Emirates Lab Announces Frontier AI Projects—and a New Outpost in Silicon Valley,https://www.wired.com/story/the-united-arab-emirates-announces-frontier-ai-projects-and-a-new-lab-in-silicon-valley/,More From WIRED,A United Arab Emirates Lab Announces Frontier AI Projects—and a New Outpost in Silicon Valley More From WIRED,POSITIVE,0.9712254405021667
Elon Musk’s Grok AI Can’t Stop Talking About ‘White Genocide’,https://www.wired.com/story/grok-white-genocide-elon-musk/,More From WIRED,Elon Musk’s Grok AI Can’t Stop Talking About ‘White Genocide’ More From WIRED,POSITIVE,0.9107234477996826
A Judge Says Meta’s AI Copyright Case Is About ‘the Next Taylor Swift’,https://www.wired.com/story/meta-lawsuit-copyright-hearing-artificial-intelligence/,More From WIRED,A Judge Says Meta’s AI Copyright Case Is About ‘the Next Taylor Swift’ More From WIRED,NEGATIVE,0.9873144030570984
"No, Graduates: AI Hasn't Ended Your Career Before It Starts",https://www.wired.com/story/plaintext-commencement-speech-artificial-intelligence/,More From WIRED,"No, Graduates: AI Hasn't Ended Your Career Before It Starts More From WIRED",NEGATIVE,0.9857431054115295
"If Paramount Settles Trump's60 MinutesClaim, It May Face Another Lawsuit",https://www.wired.com/story/freedom-of-the-press-foundation-paramount-trump-settlement/,More From WIRED,"If Paramount Settles Trump's60 MinutesClaim, It May Face Another Lawsuit More From WIRED",NEGATIVE,0.9975252747535706
Auto Shanghai 2025 Wasn’t Just a Car Show. It Was a Warning to the West,https://www.wired.com/story/auto-shanghai-2025-car-show-warning-to-the-west/,More From WIRED,Auto Shanghai 2025 Wasn’t Just a Car Show. It Was a Warning to the West More From WIRED,NEGATIVE,0.9922490119934082
Politico’s Newsroom Is Starting a Legal Battle With Management Over AI,https://www.wired.com/story/politico-workers-axel-springer-artificial-intelligence/,More From WIRED,Politico’s Newsroom Is Starting a Legal Battle With Management Over AI More From WIRED,NEGATIVE,0.9978225231170654
Who’s to Blame When AI Agents Screw Up?,https://www.wired.com/story/ai-agents-legal-liability-issues/,More From WIRED,Who’s to Blame When AI Agents Screw Up? More From WIRED,NEGATIVE,0.9970255494117737
OpenAI's Big Bet That Jony Ive Can Make AI Hardware Work,https://www.wired.com/story/jony-ive-open-ai-hardware-io/,More From WIRED,OpenAI's Big Bet That Jony Ive Can Make AI Hardware Work More From WIRED,NEGATIVE,0.9882215857505798
Jack Dorsey's Block Made an AI Agent to Boost Its Own Productivity,https://www.wired.com/story/jack-dorseys-block-made-an-ai-agent-to-boost-its-own-productivity/,More From WIRED,Jack Dorsey's Block Made an AI Agent to Boost Its Own Productivity More From WIRED,NEGATIVE,0.97462397813797
The Time Sam Altman Asked for a Countersurveillance Audit of OpenAI,https://www.wired.com/story/empire-of-ai-excerpt-sam-altman-elon-musk/,More From WIRED,The Time Sam Altman Asked for a Countersurveillance Audit of OpenAI More From WIRED,NEGATIVE,0.9969248175621033
Google’s AI Boss Says Gemini's New Abilities Point the Way to AGI,https://www.wired.com/story/googles-ai-boss-says-geminis-new-abilities-point-the-way-to-agi/,More From WIRED,Google’s AI Boss Says Gemini's New Abilities Point the Way to AGI More From WIRED,NEGATIVE,0.9161171317100525
How Peter Thiel’s Relationship With Eliezer Yudkowsky Launched the AI Revolution,https://www.wired.com/story/book-excerpt-the-optimist-open-ai-sam-altman/,More From WIRED,How Peter Thiel’s Relationship With Eliezer Yudkowsky Launched the AI Revolution More From WIRED,POSITIVE,0.9868191480636597
‘A Billion Streams and No Fans’: Inside a $10 Million AI Music Fraud Case,https://www.wired.com/story/ai-bots-streaming-music/,More From WIRED,‘A Billion Streams and No Fans’: Inside a $10 Million AI Music Fraud Case More From WIRED,NEGATIVE,0.9995162487030029
"OpenAI Launches an Agentic, Web-Based Coding Tool",https://www.wired.com/story/openai-launches-an-agentic-web-based-coding-tool/,More From WIRED,"OpenAI Launches an Agentic, Web-Based Coding Tool More From WIRED",POSITIVE,0.5906988978385925
The Middle East Has Entered the AI Group Chat,https://www.wired.com/story/trump-middle-east-artificial-intelligence-investments/,More From WIRED,The Middle East Has Entered the AI Group Chat More From WIRED,NEGATIVE,0.9898470044136047
Google DeepMind’s AI Agent Dreams Up Algorithms Beyond Human Expertise,https://www.wired.com/story/google-deepminds-ai-agent-dreams-up-algorithms-beyond-human-expertise/,More From WIRED,Google DeepMind’s AI Agent Dreams Up Algorithms Beyond Human Expertise More From WIRED,NEGATIVE,0.9834996461868286
Airbnb Is in Midlife Crisis Mode,https://www.wired.com/story/airbnb-is-in-midlife-crisis-mode-reinvention-app-services/,More From WIRED,Airbnb Is in Midlife Crisis Mode More From WIRED,NEGATIVE,0.9964337348937988
Grammarly secures $1B in nondilutive funding from General Catalyst,https://techcrunch.comhttps://techcrunch.com/2025/05/29/grammarly-secures-1b-in-non-dilutive-funding-from-general-catalyst/,"LIMITED TIME: Save $300+ on your ticket, plus an additional 50% on a second for a full immersive day of AI! Hear from AI pioneers from Google DeepMind, OpenAI, Anthropic, and more on the main stage and in breakouts, and network like never before.","Grammarly secures $1B in nondilutive funding from General Catalyst LIMITED TIME: Save $300+ on your ticket, plus an additional 50% on a second for a full immersive day of AI! Hear from AI pioneers from Google DeepMind, OpenAI, Anthropic, and more on the main stage and in breakouts, and network like never before.",NEGATIVE,0.8354498147964478
Inside the AI revolution: Top insights and breakthroughs from our partners at TechCrunch Sessions: AI,https://techcrunch.comhttps://techcrunch.com/2025/05/29/inside-the-ai-revolution-top-insights-and-breakthroughs-from-our-partners-at-techcrunch-sessions-ai/,"LIMITED TIME: Save $300+ on your ticket, plus an additional 50% on a second for a full immersive day of AI! Hear from AI pioneers from Google DeepMind, OpenAI, Anthropic, and more on the main stage and in breakouts, and network like never before.","Inside the AI revolution: Top insights and breakthroughs from our partners at TechCrunch Sessions: AI LIMITED TIME: Save $300+ on your ticket, plus an additional 50% on a second for a full immersive day of AI! Hear from AI pioneers from Google DeepMind, OpenAI, Anthropic, and more on the main stage and in breakouts, and network like never before.",POSITIVE,0.9966760873794556
Hugging Face unveils two new humanoid robots,https://techcrunch.comhttps://techcrunch.com/2025/05/29/hugging-face-unveils-two-new-humanoid-robots/,"LIMITED TIME: Save $300+ on your ticket, plus an additional 50% on a second for a full immersive day of AI! Hear from AI pioneers from Google DeepMind, OpenAI, Anthropic, and more on the main stage and in breakouts, and network like never before.","Hugging Face unveils two new humanoid robots LIMITED TIME: Save $300+ on your ticket, plus an additional 50% on a second for a full immersive day of AI! Hear from AI pioneers from Google DeepMind, OpenAI, Anthropic, and more on the main stage and in breakouts, and network like never before.",POSITIVE,0.9919741749763489
Black Forest Labs’ Kontext AI models can edit pics as well as generate them,https://techcrunch.comhttps://techcrunch.com/2025/05/29/black-forest-labs-kontext-ai-models-can-edit-pics-as-well-as-generate-them/,"LIMITED TIME: Save $300+ on your ticket, plus an additional 50% on a second for a full immersive day of AI! Hear from AI pioneers from Google DeepMind, OpenAI, Anthropic, and more on the main stage and in breakouts, and network like never before.","Black Forest Labs’ Kontext AI models can edit pics as well as generate them LIMITED TIME: Save $300+ on your ticket, plus an additional 50% on a second for a full immersive day of AI! Hear from AI pioneers from Google DeepMind, OpenAI, Anthropic, and more on the main stage and in breakouts, and network like never before.",NEGATIVE,0.7245671153068542
Delaware attorney general reportedly hires a bank to evaluate OpenAI’s restructuring plan,https://techcrunch.comhttps://techcrunch.com/2025/05/29/delaware-attorney-general-reportedly-hires-a-bank-to-evaluate-openais-restructuring-plan/,"LIMITED TIME: Save $300+ on your ticket, plus an additional 50% on a second for a full immersive day of AI! Hear from AI pioneers from Google DeepMind, OpenAI, Anthropic, and more on the main stage and in breakouts, and network like never before.","Delaware attorney general reportedly hires a bank to evaluate OpenAI’s restructuring plan LIMITED TIME: Save $300+ on your ticket, plus an additional 50% on a second for a full immersive day of AI! Hear from AI pioneers from Google DeepMind, OpenAI, Anthropic, and more on the main stage and in breakouts, and network like never before.",NEGATIVE,0.6967505812644958
"Perplexity’s new tool can generate spreadsheets, dashboards, and more",https://techcrunch.comhttps://techcrunch.com/2025/05/29/perplexitys-new-tool-can-generate-spreadsheets-dashboards-and-more/,"LIMITED TIME: Save $300+ on your ticket, plus an additional 50% on a second for a full immersive day of AI! Hear from AI pioneers from Google DeepMind, OpenAI, Anthropic, and more on the main stage and in breakouts, and network like never before.","Perplexity’s new tool can generate spreadsheets, dashboards, and more LIMITED TIME: Save $300+ on your ticket, plus an additional 50% on a second for a full immersive day of AI! Hear from AI pioneers from Google DeepMind, OpenAI, Anthropic, and more on the main stage and in breakouts, and network like never before.",POSITIVE,0.6522124409675598
DeepSeek’s distilled new R1 AI model can run on a single GPU,https://techcrunch.comhttps://techcrunch.com/2025/05/29/deepseeks-distilled-new-r1-ai-model-can-run-on-a-single-gpu/,"LIMITED TIME: Save $300+ on your ticket, plus an additional 50% on a second for a full immersive day of AI! Hear from AI pioneers from Google DeepMind, OpenAI, Anthropic, and more on the main stage and in breakouts, and network like never before.","DeepSeek’s distilled new R1 AI model can run on a single GPU LIMITED TIME: Save $300+ on your ticket, plus an additional 50% on a second for a full immersive day of AI! Hear from AI pioneers from Google DeepMind, OpenAI, Anthropic, and more on the main stage and in breakouts, and network like never before.",NEGATIVE,0.9249514937400818
"DeepSeek’s updated R1 AI model is more censored, test finds",https://techcrunch.comhttps://techcrunch.com/2025/05/29/deepseeks-updated-r1-ai-model-is-more-censored-test-finds/,"LIMITED TIME: Save $300+ on your ticket, plus an additional 50% on a second for a full immersive day of AI! Hear from AI pioneers from Google DeepMind, OpenAI, Anthropic, and more on the main stage and in breakouts, and network like never before.","DeepSeek’s updated R1 AI model is more censored, test finds LIMITED TIME: Save $300+ on your ticket, plus an additional 50% on a second for a full immersive day of AI! Hear from AI pioneers from Google DeepMind, OpenAI, Anthropic, and more on the main stage and in breakouts, and network like never before.",NEGATIVE,0.9964507818222046
Meta AI now has 1B monthly active users,https://techcrunch.comhttps://techcrunch.com/2025/05/29/meta-ai-now-has-1b-monthly-active-users/,"LIMITED TIME: Save $300+ on your ticket, plus an additional 50% on a second for a full immersive day of AI! Hear from AI pioneers from Google DeepMind, OpenAI, Anthropic, and more on the main stage and in breakouts, and network like never before.","Meta AI now has 1B monthly active users LIMITED TIME: Save $300+ on your ticket, plus an additional 50% on a second for a full immersive day of AI! Hear from AI pioneers from Google DeepMind, OpenAI, Anthropic, and more on the main stage and in breakouts, and network like never before.",POSITIVE,0.9050441384315491
7 days until doors open at TechCrunch Sessions: AI,https://techcrunch.comhttps://techcrunch.com/2025/05/29/7-days-until-doors-open-at-techcrunch-sessions-ai/,"LIMITED TIME: Save $300+ on your ticket, plus an additional 50% on a second for a full immersive day of AI! Hear from AI pioneers from Google DeepMind, OpenAI, Anthropic, and more on the main stage and in breakouts, and network like never before.","7 days until doors open at TechCrunch Sessions: AI LIMITED TIME: Save $300+ on your ticket, plus an additional 50% on a second for a full immersive day of AI! Hear from AI pioneers from Google DeepMind, OpenAI, Anthropic, and more on the main stage and in breakouts, and network like never before.",POSITIVE,0.9344563484191895
The New York Times and Amazon ink AI licensing deal,https://techcrunch.comhttps://techcrunch.com/2025/05/29/the-new-york-times-and-amazon-ink-ai-licensing-deal/,"LIMITED TIME: Save $300+ on your ticket, plus an additional 50% on a second for a full immersive day of AI! Hear from AI pioneers from Google DeepMind, OpenAI, Anthropic, and more on the main stage and in breakouts, and network like never before.","The New York Times and Amazon ink AI licensing deal LIMITED TIME: Save $300+ on your ticket, plus an additional 50% on a second for a full immersive day of AI! Hear from AI pioneers from Google DeepMind, OpenAI, Anthropic, and more on the main stage and in breakouts, and network like never before.",POSITIVE,0.8692872524261475
Buildots raises $45M to help companies track construction progress,https://techcrunch.comhttps://techcrunch.com/2025/05/29/buildots-raises-45m-to-help-companies-track-construction-progress/,"LIMITED TIME: Save $300+ on your ticket, plus an additional 50% on a second for a full immersive day of AI! Hear from AI pioneers from Google DeepMind, OpenAI, Anthropic, and more on the main stage and in breakouts, and network like never before.","Buildots raises $45M to help companies track construction progress LIMITED TIME: Save $300+ on your ticket, plus an additional 50% on a second for a full immersive day of AI! Hear from AI pioneers from Google DeepMind, OpenAI, Anthropic, and more on the main stage and in breakouts, and network like never before.",POSITIVE,0.988187849521637
"Nvidia, AMD may soon start selling new AI chips in China to comply with US restrictions",https://techcrunch.comhttps://techcrunch.com/2025/05/29/nvidia-amd-may-soon-start-selling-new-ai-chips-in-china-to-comply-with-us-restrictions/,"LIMITED TIME: Save $300+ on your ticket, plus an additional 50% on a second for a full immersive day of AI! Hear from AI pioneers from Google DeepMind, OpenAI, Anthropic, and more on the main stage and in breakouts, and network like never before.","Nvidia, AMD may soon start selling new AI chips in China to comply with US restrictions LIMITED TIME: Save $300+ on your ticket, plus an additional 50% on a second for a full immersive day of AI! Hear from AI pioneers from Google DeepMind, OpenAI, Anthropic, and more on the main stage and in breakouts, and network like never before.",POSITIVE,0.6208372116088867
Nvidia expects to lose billions in revenue due to H20 chip licensing requirements,https://techcrunch.comhttps://techcrunch.com/2025/05/28/nvidia-expects-to-lose-billions-in-revenue-due-to-h20-chip-licensing-requirements/,"LIMITED TIME: Save $300+ on your ticket, plus an additional 50% on a second for a full immersive day of AI! Hear from AI pioneers from Google DeepMind, OpenAI, Anthropic, and more on the main stage and in breakouts, and network like never before.","Nvidia expects to lose billions in revenue due to H20 chip licensing requirements LIMITED TIME: Save $300+ on your ticket, plus an additional 50% on a second for a full immersive day of AI! Hear from AI pioneers from Google DeepMind, OpenAI, Anthropic, and more on the main stage and in breakouts, and network like never before.",NEGATIVE,0.9992401599884033
DeepSeek: Everything you need to know about the AI chatbot app,https://techcrunch.comhttps://techcrunch.com/2025/05/28/deepseek-everything-you-need-to-know-about-the-ai-chatbot-app/,"LIMITED TIME: Save $300+ on your ticket, plus an additional 50% on a second for a full immersive day of AI! Hear from AI pioneers from Google DeepMind, OpenAI, Anthropic, and more on the main stage and in breakouts, and network like never before.","DeepSeek: Everything you need to know about the AI chatbot app LIMITED TIME: Save $300+ on your ticket, plus an additional 50% on a second for a full immersive day of AI! Hear from AI pioneers from Google DeepMind, OpenAI, Anthropic, and more on the main stage and in breakouts, and network like never before.",POSITIVE,0.8300132155418396
"DeepSeek updates its R1 reasoning AI model, releases it on Hugging Face",https://techcrunch.comhttps://techcrunch.com/2025/05/28/deepseek-updates-its-r1-reasoning-ai-model-releases-it-on-hugging-face/,"LIMITED TIME: Save $300+ on your ticket, plus an additional 50% on a second for a full immersive day of AI! Hear from AI pioneers from Google DeepMind, OpenAI, Anthropic, and more on the main stage and in breakouts, and network like never before.","DeepSeek updates its R1 reasoning AI model, releases it on Hugging Face LIMITED TIME: Save $300+ on your ticket, plus an additional 50% on a second for a full immersive day of AI! Hear from AI pioneers from Google DeepMind, OpenAI, Anthropic, and more on the main stage and in breakouts, and network like never before.",POSITIVE,0.8809198141098022
Odyssey’s new AI model streams 3D interactive worlds,https://techcrunch.comhttps://techcrunch.com/2025/05/28/odysseys-new-ai-model-streams-3d-interactive-worlds/,"LIMITED TIME: Save $300+ on your ticket, plus an additional 50% on a second for a full immersive day of AI! Hear from AI pioneers from Google DeepMind, OpenAI, Anthropic, and more on the main stage and in breakouts, and network like never before.","Odyssey’s new AI model streams 3D interactive worlds LIMITED TIME: Save $300+ on your ticket, plus an additional 50% on a second for a full immersive day of AI! Hear from AI pioneers from Google DeepMind, OpenAI, Anthropic, and more on the main stage and in breakouts, and network like never before.",POSITIVE,0.9919580221176147
Google Photos debuts redesigned editor with new AI tools,https://techcrunch.comhttps://techcrunch.com/2025/05/28/google-photos-debuts-redesigned-editor-with-new-ai-tools/,"LIMITED TIME: Save $300+ on your ticket, plus an additional 50% on a second for a full immersive day of AI! Hear from AI pioneers from Google DeepMind, OpenAI, Anthropic, and more on the main stage and in breakouts, and network like never before.","Google Photos debuts redesigned editor with new AI tools LIMITED TIME: Save $300+ on your ticket, plus an additional 50% on a second for a full immersive day of AI! Hear from AI pioneers from Google DeepMind, OpenAI, Anthropic, and more on the main stage and in breakouts, and network like never before.",POSITIVE,0.833992600440979
Netflix co-founder Reed Hastings joins Anthropic’s board,https://techcrunch.comhttps://techcrunch.com/2025/05/28/netflix-co-founder-reed-hastings-joins-anthropics-board/,"LIMITED TIME: Save $300+ on your ticket, plus an additional 50% on a second for a full immersive day of AI! Hear from AI pioneers from Google DeepMind, OpenAI, Anthropic, and more on the main stage and in breakouts, and network like never before.","Netflix co-founder Reed Hastings joins Anthropic’s board LIMITED TIME: Save $300+ on your ticket, plus an additional 50% on a second for a full immersive day of AI! Hear from AI pioneers from Google DeepMind, OpenAI, Anthropic, and more on the main stage and in breakouts, and network like never before.",POSITIVE,0.9916573762893677
AMD buys silicon photonics startup Enosemi to fuel its AI ambitions,https://techcrunch.comhttps://techcrunch.com/2025/05/28/amd-buys-silicon-photonics-startup-enosemi-to-fuel-its-ai-ambitions/,"LIMITED TIME: Save $300+ on your ticket, plus an additional 50% on a second for a full immersive day of AI! Hear from AI pioneers from Google DeepMind, OpenAI, Anthropic, and more on the main stage and in breakouts, and network like never before.","AMD buys silicon photonics startup Enosemi to fuel its AI ambitions LIMITED TIME: Save $300+ on your ticket, plus an additional 50% on a second for a full immersive day of AI! Hear from AI pioneers from Google DeepMind, OpenAI, Anthropic, and more on the main stage and in breakouts, and network like never before.",NEGATIVE,0.5922885537147522
Microsoft starts testing Copilot for Gaming in Xbox app for iOS and Android,https://techcrunch.comhttps://techcrunch.com/2025/05/28/microsoft-starts-testing-copilot-for-gaming-in-xbox-app-for-ios-and-android/,"LIMITED TIME: Save $300+ on your ticket, plus an additional 50% on a second for a full immersive day of AI! Hear from AI pioneers from Google DeepMind, OpenAI, Anthropic, and more on the main stage and in breakouts, and network like never before.","Microsoft starts testing Copilot for Gaming in Xbox app for iOS and Android LIMITED TIME: Save $300+ on your ticket, plus an additional 50% on a second for a full immersive day of AI! Hear from AI pioneers from Google DeepMind, OpenAI, Anthropic, and more on the main stage and in breakouts, and network like never before.",POSITIVE,0.835487425327301
Context gets $11M to build an AI-powered office suite,https://techcrunch.comhttps://techcrunch.com/2025/05/28/context-gets-11m-to-build-an-ai-powered-office-suite/,"LIMITED TIME: Save $300+ on your ticket, plus an additional 50% on a second for a full immersive day of AI! Hear from AI pioneers from Google DeepMind, OpenAI, Anthropic, and more on the main stage and in breakouts, and network like never before.","Context gets $11M to build an AI-powered office suite LIMITED TIME: Save $300+ on your ticket, plus an additional 50% on a second for a full immersive day of AI! Hear from AI pioneers from Google DeepMind, OpenAI, Anthropic, and more on the main stage and in breakouts, and network like never before.",NEGATIVE,0.5948480367660522
Rillet raises $25M from Sequoia to automate general ledger systems using AI,https://techcrunch.comhttps://techcrunch.com/2025/05/28/rillet-raises-25m-from-sequoia-to-automate-general-ledger-systems-using-ai/,"LIMITED TIME: Save $300+ on your ticket, plus an additional 50% on a second for a full immersive day of AI! Hear from AI pioneers from Google DeepMind, OpenAI, Anthropic, and more on the main stage and in breakouts, and network like never before.","Rillet raises $25M from Sequoia to automate general ledger systems using AI LIMITED TIME: Save $300+ on your ticket, plus an additional 50% on a second for a full immersive day of AI! Hear from AI pioneers from Google DeepMind, OpenAI, Anthropic, and more on the main stage and in breakouts, and network like never before.",POSITIVE,0.9038004875183105
Why export restrictions aren’t the only thing to pay attention to in Nvidia’s earnings,https://techcrunch.comhttps://techcrunch.com/2025/05/28/why-export-restrictions-arent-the-only-thing-to-pay-attention-to-in-nvidias-earnings/,"LIMITED TIME: Save $300+ on your ticket, plus an additional 50% on a second for a full immersive day of AI! Hear from AI pioneers from Google DeepMind, OpenAI, Anthropic, and more on the main stage and in breakouts, and network like never before.","Why export restrictions aren’t the only thing to pay attention to in Nvidia’s earnings LIMITED TIME: Save $300+ on your ticket, plus an additional 50% on a second for a full immersive day of AI! Hear from AI pioneers from Google DeepMind, OpenAI, Anthropic, and more on the main stage and in breakouts, and network like never before.",NEGATIVE,0.9869332313537598
Help shape TechCrunch Disrupt 2025: Vote for your favorite sessions,https://techcrunch.comhttps://techcrunch.com/2025/05/28/help-shape-techcrunch-disrupt-2025-vote-for-your-favorite-sessions/,"LIMITED TIME: Save $300+ on your ticket, plus an additional 50% on a second for a full immersive day of AI! Hear from AI pioneers from Google DeepMind, OpenAI, Anthropic, and more on the main stage and in breakouts, and network like never before.","Help shape TechCrunch Disrupt 2025: Vote for your favorite sessions LIMITED TIME: Save $300+ on your ticket, plus an additional 50% on a second for a full immersive day of AI! Hear from AI pioneers from Google DeepMind, OpenAI, Anthropic, and more on the main stage and in breakouts, and network like never before.",POSITIVE,0.9278115034103394
"How to seize the opportunity and compete with an incumbent, with Linear COO Cristina Cordova at TechCrunch Sessions: AI",https://techcrunch.comhttps://techcrunch.com/2025/05/28/how-to-seize-the-opportunity-and-compete-with-an-incumbent-with-linear-coo-cristina-cordova-at-techcrunch-sessions-ai/,"LIMITED TIME: Save $300+ on your ticket, plus an additional 50% on a second for a full immersive day of AI! Hear from AI pioneers from Google DeepMind, OpenAI, Anthropic, and more on the main stage and in breakouts, and network like never before.","How to seize the opportunity and compete with an incumbent, with Linear COO Cristina Cordova at TechCrunch Sessions: AI LIMITED TIME: Save $300+ on your ticket, plus an additional 50% on a second for a full immersive day of AI! Hear from AI pioneers from Google DeepMind, OpenAI, Anthropic, and more on the main stage and in breakouts, and network like never before.",POSITIVE,0.9529958963394165
"How small businesses can actually benefit from agentic AI, with Tkxel CEO Umair Javed at TechCrunch Sessions: AI",https://techcrunch.comhttps://techcrunch.com/2025/05/28/how-small-businesses-can-actually-benefit-from-agentic-ai-with-tkxel-ceo-umair-javed-at-techcrunch-sessions-ai/,"LIMITED TIME: Save $300+ on your ticket, plus an additional 50% on a second for a full immersive day of AI! Hear from AI pioneers from Google DeepMind, OpenAI, Anthropic, and more on the main stage and in breakouts, and network like never before.","How small businesses can actually benefit from agentic AI, with Tkxel CEO Umair Javed at TechCrunch Sessions: AI LIMITED TIME: Save $300+ on your ticket, plus an additional 50% on a second for a full immersive day of AI! Hear from AI pioneers from Google DeepMind, OpenAI, Anthropic, and more on the main stage and in breakouts, and network like never before.",POSITIVE,0.8169955611228943
xAI to pay Telegram $300M to integrate Grok into the chat app,https://techcrunch.comhttps://techcrunch.com/2025/05/28/xai-to-pay-300m-in-telegram-integrate-grok-into-app/,"LIMITED TIME: Save $300+ on your ticket, plus an additional 50% on a second for a full immersive day of AI! Hear from AI pioneers from Google DeepMind, OpenAI, Anthropic, and more on the main stage and in breakouts, and network like never before.","xAI to pay Telegram $300M to integrate Grok into the chat app LIMITED TIME: Save $300+ on your ticket, plus an additional 50% on a second for a full immersive day of AI! Hear from AI pioneers from Google DeepMind, OpenAI, Anthropic, and more on the main stage and in breakouts, and network like never before.",NEGATIVE,0.8748016953468323
Atomic Canyon wants to be ChatGPT for the nuclear industry,https://techcrunch.comhttps://techcrunch.com/2025/05/28/atomic-canyon-wants-to-be-chatgpt-for-the-nuclear-industry/,"LIMITED TIME: Save $300+ on your ticket, plus an additional 50% on a second for a full immersive day of AI! Hear from AI pioneers from Google DeepMind, OpenAI, Anthropic, and more on the main stage and in breakouts, and network like never before.","Atomic Canyon wants to be ChatGPT for the nuclear industry LIMITED TIME: Save $300+ on your ticket, plus an additional 50% on a second for a full immersive day of AI! Hear from AI pioneers from Google DeepMind, OpenAI, Anthropic, and more on the main stage and in breakouts, and network like never before.",POSITIVE,0.5776873826980591
Opera’s new browser can code websites and games for you,https://techcrunch.comhttps://techcrunch.com/2025/05/28/operas-new-browser-can-code-websites-and-games-for-you/,"LIMITED TIME: Save $300+ on your ticket, plus an additional 50% on a second for a full immersive day of AI! Hear from AI pioneers from Google DeepMind, OpenAI, Anthropic, and more on the main stage and in breakouts, and network like never before.","Opera’s new browser can code websites and games for you LIMITED TIME: Save $300+ on your ticket, plus an additional 50% on a second for a full immersive day of AI! Hear from AI pioneers from Google DeepMind, OpenAI, Anthropic, and more on the main stage and in breakouts, and network like never before.",POSITIVE,0.9685900807380676
Inside the AI revolution: Top insights and breakthroughs from our partners at TechCrunch Sessions: AI,https://techcrunch.comhttps://techcrunch.com/2025/05/29/inside-the-ai-revolution-top-insights-and-breakthroughs-from-our-partners-at-techcrunch-sessions-ai/,Inside the AI revolution: Top insights and breakthroughs from our partners at TechCrunch Sessions: AI,Inside the AI revolution: Top insights and breakthroughs from our partners at TechCrunch Sessions: AI Inside the AI revolution: Top insights and breakthroughs from our partners at TechCrunch Sessions: AI,POSITIVE,0.9995439648628235
Black Forest Labs’ Kontext AI models can edit pics as well as generate them,https://techcrunch.comhttps://techcrunch.com/2025/05/29/black-forest-labs-kontext-ai-models-can-edit-pics-as-well-as-generate-them/,Black Forest Labs’ Kontext AI models can edit pics as well as generate them,Black Forest Labs’ Kontext AI models can edit pics as well as generate them Black Forest Labs’ Kontext AI models can edit pics as well as generate them,POSITIVE,0.9215146899223328
Delaware attorney general reportedly hires a bank to evaluate OpenAI’s restructuring plan,https://techcrunch.comhttps://techcrunch.com/2025/05/29/delaware-attorney-general-reportedly-hires-a-bank-to-evaluate-openais-restructuring-plan/,Delaware attorney general reportedly hires a bank to evaluate OpenAI’s restructuring plan,Delaware attorney general reportedly hires a bank to evaluate OpenAI’s restructuring plan Delaware attorney general reportedly hires a bank to evaluate OpenAI’s restructuring plan,NEGATIVE,0.9678201079368591
Why Anthropic’s New AI Model Sometimes Tries to ‘Snitch’,https://www.wired.com/story/anthropic-claude-snitch-emergent-behavior/,More From WIRED,Why Anthropic’s New AI Model Sometimes Tries to ‘Snitch’ More From WIRED,NEGATIVE,0.9983951449394226
Auto Shanghai 2025 Wasn’t Just a Car Show. It Was a Warning to the West,https://www.wired.com/story/auto-shanghai-2025-car-show-warning-to-the-west/,More From WIRED,Auto Shanghai 2025 Wasn’t Just a Car Show. It Was a Warning to the West More From WIRED,NEGATIVE,0.9922490119934082
Trump’s Crackdown on Foreign Student Visas Could Derail Critical AI Research,https://www.wired.com/story/trump-administration-foreign-student-visa-brain-drain/,More From WIRED,Trump’s Crackdown on Foreign Student Visas Could Derail Critical AI Research More From WIRED,NEGATIVE,0.9965901374816895
Startup Founder Claims Elon Musk Is Stealing the Name ‘Grok’,https://www.wired.com/story/grok-trademark-dispute-name/,More From WIRED,Startup Founder Claims Elon Musk Is Stealing the Name ‘Grok’ More From WIRED,NEGATIVE,0.9993865489959717
